timestamp,0.1SS,0.4SS,0.6SS,1.0SS
2022-06-02 00:00:00,111.23329229457008,327.75097228366997,470.0310009088383,702.5305585343325
2022-06-02 01:00:00,104.87222817042384,356.5774330668799,536.0636183417588,883.7106861398844
2022-06-02 02:00:00,108.5808709012015,345.0815753578884,472.10543236980556,747.9619074890894
2022-06-04 00:00:00,151.64536754680137,1407.1270851262034,1711.1122557948565,2225.5235492892175
2022-06-04 01:00:00,115.5755318287408,634.7259963398903,729.1266282150866,1103.0830950226846
2022-06-05 00:00:00,172.8459264603952,1438.741826502821,1917.0351891593932,2515.722940551558
2022-06-05 01:00:00,306.25270422837053,2273.4136884996597,3326.12964275182,4370.521633204155
2022-06-05 02:00:00,415.55275222453326,2102.2348284862583,2912.9757361346783,3927.516058145134
2022-06-05 03:00:00,401.1977212506904,1955.9910373969878,2553.183415780618,3255.650316224949
2022-06-05 04:00:00,162.72564905169688,754.8958694247358,992.2503763155013,1318.5284128761432
2022-06-05 05:00:00,127.0716004099159,988.4127876932814,1335.3552312573881,1745.246437537318
2022-06-05 06:00:00,298.0071902676046,1136.733361332365,1475.959325452068,2287.941716726614
2022-06-05 07:00:00,429.335314414826,4253.155173462457,5710.487622594839,7114.34311595302
2022-06-05 08:00:00,372.8067582962493,853.3201264646624,1102.5098620601043,1841.4302096803124
2022-06-05 09:00:00,414.9667929938641,1848.5168754437634,2437.7907146383213,2949.8386225655595
2022-06-05 10:00:00,353.4533600611531,1032.541191166547,1321.6283557475135,2074.8354658098865
2022-06-05 11:00:00,394.2749733420737,1231.6837248777767,1630.4401871645714,2308.6673755788856
2022-06-05 12:00:00,366.5885824842103,2002.190050261687,2505.8182400632036,3005.456305413943
2022-06-05 13:00:00,261.3258556434517,1106.866886754955,1205.5839854921894,1459.3280651401276
2022-06-05 14:00:00,306.6598212643672,1218.8380790490255,1491.843878073548,1820.2146404528182
2022-06-05 15:00:00,320.18759740601854,1056.3042501433367,1287.1054544796668,1528.0013827048767
2022-06-05 16:00:00,311.2438493638947,1106.6464466715327,1377.3438341181109,1604.9624236434408
2022-06-05 17:00:00,351.1858183756969,1302.8498304990785,1575.1510190660958,1827.2399564318976
2022-06-05 18:00:00,337.71029254027945,1077.5126236422761,1354.8878593247423,1629.9696636114322
2022-06-05 19:00:00,267.46778080554225,937.4390559961922,1264.7612266473357,1609.851816825026
2022-06-05 20:00:00,271.80710772481314,975.7629884825565,1224.8637604910211,1548.635405403195
2022-06-05 21:00:00,259.8955392179411,967.5153640282923,1266.6567989321084,1814.2251928869011
2022-06-05 22:00:00,216.01469029557308,906.6287197728972,1190.6062564534632,1841.7314452141538
2022-06-05 23:00:00,244.88071733593333,874.5379627450737,1156.742088637568,1572.5112372691437
2022-06-06 00:00:00,192.66642075548674,785.2183858470364,1047.4112297392203,1292.0072591956086
2022-06-06 01:00:00,217.85693728630008,836.6209029012953,1109.551655516024,1415.683298596773
2022-06-06 02:00:00,232.87813847756053,796.8383486599712,1003.090741525362,1250.1144942128394
2022-06-06 03:00:00,227.8457176708167,781.2065901764146,1000.3177943399296,1216.853105294334
2022-06-06 04:00:00,244.69717525392906,790.9792186884305,986.4159858479817,1182.6473655288662
2022-06-06 05:00:00,199.92908649535536,784.231979795397,1064.1554086108924,1323.6559304699701
2022-06-06 06:00:00,172.22394068508788,779.1280140286433,1029.4708569013894,1338.4709437763538
2022-06-06 07:00:00,200.61494089259696,768.8229934015815,1003.2956649332482,1226.0763229741572
2022-06-06 08:00:00,275.45704782257377,632.297316888951,668.3803525083683,837.2029674086118
2022-06-06 09:00:00,300.34144660146524,953.1040425840298,1193.8877938380722,1432.9645049092826
2022-06-06 10:00:00,303.6711568265109,846.1163461903275,1042.462594449546,1232.6396855627281
2022-06-06 11:00:00,273.6399635660886,833.9339374654287,1107.362967148658,1382.2309685189693
2022-06-06 12:00:00,172.1058697690275,675.5688856315329,852.0220210370833,1135.286701861335
2022-06-06 13:00:00,88.55566750808148,389.28288681956565,499.3626503279697,719.3961832909977
2022-06-06 14:00:00,193.0986380063906,599.7051990592521,759.8549418747091,1032.996831195429
2022-06-06 15:00:00,197.6677853439353,604.560232323381,760.8761665744272,973.1296767522443
2022-06-06 16:00:00,194.9167250707354,599.0358607432612,731.8851443744794,921.6521010018428
2022-06-06 17:00:00,168.42357528916014,599.0398404918018,747.0137554674193,911.070274912872
2022-06-06 18:00:00,149.13600727976294,562.286440174018,729.3079652308516,901.0581015714596
2022-06-06 19:00:00,109.12653742832838,526.18446504564,542.7454931374831,1251.6767157437123
2022-06-06 20:00:00,199.56589627610666,589.7518687059799,764.7852156653724,944.0691266339942
2022-06-06 21:00:00,148.61805291507991,543.5939249628507,698.4271080373883,835.1526817534026
2022-06-06 22:00:00,164.84189249235413,633.4476146026683,791.9378832669064,968.3858484265551
2022-06-06 23:00:00,163.90756504727005,624.0577999108516,769.2393774335409,924.1720486218059
2022-06-08 00:00:00,308.88788916190634,785.3221010429014,982.4934940882131,1194.0110707029435
2022-06-08 01:00:00,292.94166093886787,629.5937070565348,846.0688233793148,1201.1868835481641
2022-06-08 02:00:00,249.47711068445278,528.584131854155,732.2694323439307,991.2031491433829
2022-06-08 03:00:00,192.56405779863502,541.7292071348847,747.185794328981,1082.5704733459627
2022-06-08 04:00:00,207.3502510056399,410.6709579946551,434.1874190112302,697.6375704884363
2022-06-08 05:00:00,222.33485771874834,497.0280609640559,634.420895470037,782.9031416158582
2022-06-08 06:00:00,227.88273406968412,523.2738680286849,682.6179236125512,862.8378591344134
2022-06-08 07:00:00,215.00401954795075,378.564886596031,415.6581787442084,796.6251373667424
2022-06-08 08:00:00,238.49886097673885,531.7865755368462,768.4191916814234,1056.7364063669866
2022-06-08 09:00:00,234.19026671226698,638.0036082959883,836.2522552551238,1041.8057158204042
2022-06-08 10:00:00,287.81022124545285,731.024201237552,902.4341417930174,1060.2500343741738
2022-06-08 11:00:00,313.8243980492492,527.4996339518358,573.8575981198416,773.4412851300784
2022-06-08 12:00:00,361.40559109716907,825.1893523256199,1063.0118142810695,1546.9397626049201
2022-06-08 13:00:00,363.19674774635445,506.6431650691692,549.5650799383438,733.5791999373473
2022-06-08 14:00:00,289.4301468364376,870.7883859703327,1107.8448035994174,1327.4846633934756
2022-06-08 15:00:00,290.17216694108987,895.6629005732837,1122.3990479862323,1334.782220908911
2022-06-08 16:00:00,290.82368776310693,808.5542528607414,965.815338970941,1198.5162814472194
2022-06-08 17:00:00,377.5815299958032,872.8279248461771,1010.659919405045,1175.1372323955427
2022-06-08 18:00:00,403.7703630978115,1036.0562153310732,1160.2346100051473,1286.911239954091
2022-06-08 19:00:00,451.76657001031,1011.1653374028383,1120.9218978161578,1220.634623170907
2022-06-08 20:00:00,368.01454079834326,719.08975284421,733.7546168028406,792.5486587004817
2022-06-08 21:00:00,313.53659011151007,615.6633553674424,629.4524972442568,723.594437924244
2022-06-08 22:00:00,370.7551779464936,1029.5546111763092,1157.3412021648173,1363.0057855132636
2022-06-08 23:00:00,377.272451318907,1101.2334456658964,1385.458474016639,1818.3031607246257
2022-06-09 00:00:00,342.0430285241009,521.9280272870936,537.5745159815342,612.2097071168197
2022-06-09 03:00:00,292.7472848217305,423.5334514932166,478.42926861306273,686.2036688551431
2022-06-09 06:00:00,210.24858027299123,539.7303288177246,688.1684365077344,808.1060588889169
2022-06-10 00:00:00,284.7250463671811,617.5853630808257,695.1754379586182,908.9650265735437
2022-06-10 01:00:00,172.73744211938313,351.6904293903976,393.25826262829446,529.9124061691493
2022-06-10 02:00:00,211.15593694947438,571.0265209120229,729.7354745031527,898.4027806267385
2022-06-10 03:00:00,195.3650319903484,570.4101601332352,719.5856234880475,861.5896662360927
2022-06-10 04:00:00,183.35568886079682,574.3293367402297,775.7537762861984,1030.8203272552514
2022-06-10 05:00:00,184.42832747830164,406.2610194993643,410.52639833884416,419.1502262767787
2022-06-10 06:00:00,238.9720127092065,635.209831834367,807.2344122695426,1039.2947570045312
2022-06-10 07:00:00,189.46609813404686,549.2106955175459,742.4990022419075,930.386919565193
2022-06-10 08:00:00,220.93021772282327,603.4891568412281,792.6561212071367,993.3186402298619
2022-06-10 09:00:00,217.4153007297504,622.9089969813157,817.5218787308133,1016.1475772675269
2022-06-10 10:00:00,223.5102049510934,645.6156472038489,823.6286054663974,978.4574901057301
2022-06-10 11:00:00,189.20401900024729,653.1978533967057,847.8411863890245,1032.7341677631798
2022-06-10 12:00:00,185.75607516843806,307.69357074821795,360.1841023883081,565.6327824078894
2022-06-11 00:00:00,161.52469034501294,473.3654654977934,587.156033134753,731.9860384986209
2022-06-11 03:00:00,181.9197446614753,518.4580633086424,663.1728076999955,897.2146172374315
2022-06-12 00:00:00,106.34904478361618,441.732307779508,597.837441569022,868.7537106454629
2022-06-12 01:00:00,97.61503932456665,537.6928563863482,795.3727758738758,1092.2476330273857
2022-06-12 02:00:00,101.5610980056026,241.2737283940864,277.8973331400018,410.89472173521654
2022-06-12 03:00:00,134.5785941471635,297.89555056975007,389.1618185169511,569.9823275451535
2022-06-12 04:00:00,121.8421754069625,404.11290216211114,547.1828517575341,715.532418299219
2022-06-12 05:00:00,135.3040062812554,404.33397000610813,534.212531270217,676.1588962159913
2022-06-12 06:00:00,184.7885696764249,341.91234107811255,454.51153175523035,626.9026012972512
2022-06-12 07:00:00,231.38570370652388,535.2462999807268,662.7921269443477,769.284282363571
2022-06-12 08:00:00,200.17405830687323,473.5358902624049,603.2737942583835,728.2850395113909
2022-06-12 09:00:00,173.7856927497688,463.00015549121855,577.5740961565142,754.366097677472
2022-06-12 10:00:00,87.34662558521175,310.23942078629915,416.60398405997194,570.1373509919159
2022-06-12 11:00:00,152.93404766520973,410.3010255573936,568.425518105084,795.9145463879632
2022-06-12 12:00:00,101.9488270018898,331.6115182160254,455.26157500614465,645.7216584052449
2022-06-12 13:00:00,109.75771666222802,288.75189136823167,393.64853057849234,515.876109557001
2022-06-12 14:00:00,107.7772659709949,279.2172378773631,359.26328483410674,481.69283042117667
2022-06-12 15:00:00,125.62815762763191,308.9590458175474,375.86203637611175,462.71400197658056
2022-06-12 16:00:00,265.18342631285674,509.5416877634169,609.620354407342,690.9545754589311
2022-06-12 17:00:00,218.95420674024132,510.95122254944795,612.1503180980407,727.3127602469365
2022-06-12 18:00:00,243.73938485847526,477.61932830920716,593.119401002349,779.8579425877158
2022-06-12 19:00:00,216.46732479718787,496.09941197611124,600.3374405928598,819.197405663902
2022-06-12 20:00:00,130.8930528505859,370.78099240132343,465.4083841908841,616.8075374911912
2022-06-12 21:00:00,146.632390705864,382.1486113696622,478.32823582671256,597.5077147113388
2022-06-12 22:00:00,174.48366481838482,352.5813105363659,365.3718933015267,435.9130693461097
2022-06-12 23:00:00,231.6067842210269,567.7272088738121,729.8027418188827,938.4471706959696
2022-06-13 00:00:00,248.02828449224907,656.9657488919327,810.1144834780313,958.7534270161299
2022-06-13 01:00:00,307.96147648911233,652.7510381067074,769.5896145002946,1064.9744782291164
2022-06-13 02:00:00,146.5169371647088,361.50936267633585,469.03560313457285,654.9131022799137
2022-06-13 03:00:00,423.2774178632711,987.6535351223694,1096.5716648196335,1184.0544839196766
2022-06-13 04:00:00,863.1765558269318,1492.4875471991145,1600.6380355227363,1709.8203476962437
2022-06-13 05:00:00,481.5506103840727,1247.662682839523,1352.717371260517,1457.3077247013882
2022-06-13 06:00:00,343.7841264062384,728.671668990478,849.7701072799255,949.1458350410777
2022-06-13 07:00:00,201.2814529346627,573.9668503501046,652.3920198364759,734.6790745984304
2022-06-13 08:00:00,143.58966125561648,478.23201063629836,590.1068844218464,689.6540770139975
2022-06-13 09:00:00,137.67218002015764,510.0940104903917,601.9214062347562,705.9351262148363
2022-06-13 10:00:00,151.94346319744858,506.9278218504675,599.8817908567491,722.4098085208346
2022-06-13 11:00:00,127.13627947496278,254.7961550816186,319.36029228215045,458.7828015380308
2022-06-13 12:00:00,180.12624652913524,355.26540190058444,389.9691220590309,522.1508368081239
2022-06-13 13:00:00,175.61732442829597,612.6053487751306,763.2644972250486,896.8443018702983
2022-06-13 14:00:00,175.03417549605848,584.6317882888877,699.9793441267572,857.4399770202768
2022-06-13 15:00:00,151.72646654587024,514.9216906067751,634.9520762182882,782.8993732218222
2022-06-13 16:00:00,,,,
2022-06-13 17:00:00,158.79180455660918,526.8372174909393,626.3535968818942,735.1732235281279
2022-06-13 18:00:00,163.69839474579265,563.6800387925473,672.997574227658,791.0268420906287
2022-06-13 19:00:00,70.87371616983678,253.12916897447354,358.7364826453059,505.724435970809
2022-06-13 20:00:00,157.17679026783838,540.0556353063538,659.3680530608606,803.7755422878352
2022-06-14 00:00:00,154.3829679764007,673.633732297817,753.4718091653136,819.2279097949495
2022-06-14 03:00:00,118.42203385596723,284.26407836420367,295.5088757431517,416.1421409251789
2022-06-14 06:00:00,216.89286956955658,550.6371977498465,663.5088403043194,781.4174859694829
2022-06-14 09:00:00,179.38060734384553,475.2429518523259,517.5681536507672,642.2981967923196
2022-06-14 12:00:00,140.122656683744,335.84664876692926,477.37736757400506,720.8456513613068
2022-06-14 15:00:00,172.5206518090618,396.3677653316344,463.38949473312164,630.3440489574623
2022-06-14 18:00:00,166.2806918271122,575.7478210597649,680.6454604717479,817.575988396056
2022-06-14 21:00:00,176.42312859136192,531.3312984520169,661.472869794728,814.9457791655461
2022-06-15 00:00:00,220.70439124468788,577.6859966690488,724.6284433424253,918.379943102167
2022-06-16 00:00:00,246.67119017118293,642.2858102803309,822.0476022720337,1203.949120473832
2022-06-16 01:00:00,264.69532784072857,634.3297033211096,835.9278442794548,1152.556115366128
2022-06-16 02:00:00,231.9405206423485,303.4162370220315,342.6622971937882,479.0784894304761
2022-06-16 03:00:00,269.6668730627839,588.4085339125884,733.7063470727118,866.0965146980913
2022-06-16 04:00:00,204.138950539512,492.4673101073389,615.7772799556479,757.2720406302686
2022-06-18 00:00:00,163.17673644708722,458.2364042261818,595.2227230696267,819.0442090954673
2022-06-18 01:00:00,171.03624884440543,570.514208777014,862.3784480949511,1475.7832029699264
2022-06-18 02:00:00,134.17065644811547,241.48223578283051,294.4533355617732,471.3146259561823
2022-06-18 03:00:00,216.3944868487295,495.8355186655052,654.7125713992025,871.4152742869663
2022-06-18 04:00:00,194.54451125286494,748.5733222396512,1013.9234906553153,1227.7319678380209
2022-06-18 05:00:00,183.88271830180514,789.1594194021859,1272.6902389837512,1792.5928807591563
2022-06-18 06:00:00,712.960730769653,2428.897264031584,3821.024339579664,4969.004143219181
2022-06-18 07:00:00,158.838047376869,633.6879016417423,1057.8060880595158,1550.0452437752379
2022-06-18 08:00:00,158.41997856717208,1828.2275304327543,3011.6403972044454,3839.270009583513
2022-06-18 09:00:00,170.50609422216885,302.3289208968521,314.99857166434293,381.74563865167795
2022-06-18 10:00:00,182.89704589315957,321.9403275596486,325.7719241204923,354.26604510995367
2022-06-18 11:00:00,184.54890075609188,358.9486029988529,362.82522828070535,380.8869780487583
2022-06-19 00:00:00,107.41927456784903,503.49969934896876,798.7336598650023,1541.9049468971102
2022-06-19 01:00:00,107.78942670001038,558.0077208426022,915.4515007219613,1658.323353042359
2022-06-19 02:00:00,126.70068378457657,1042.0723589605261,1790.2886808440794,2523.6148887457052
2022-06-19 03:00:00,138.73776238428488,428.7704224578848,567.6001783739503,721.8217450958715
2022-06-19 04:00:00,133.13347642252194,442.16193123563846,612.1929496203281,850.8101978486764
2022-06-19 05:00:00,137.4561526405411,530.7854782252396,786.2392493661298,1138.0595371670167
2022-06-19 06:00:00,160.69304654640024,477.5433795258066,667.465177398198,943.635324673821
2022-06-19 07:00:00,149.89596101572388,343.2350796363692,381.57755609028504,581.2962580761288
2022-06-19 08:00:00,163.7060891060804,300.2471720491733,399.21384408905243,639.2788093886567
2022-06-20 00:00:00,272.6829517137837,1702.3745545152185,2253.5932045023064,3188.485017275106
2022-06-20 03:00:00,193.4037935104947,2273.907592629136,3814.399257448546,5459.727702883706
2022-06-20 06:00:00,152.1182279922605,966.8444318298604,1674.2007535822213,2464.322205411026
2022-06-20 09:00:00,123.36731376655507,324.3794330564383,439.94550015310284,819.3555794485453
2022-06-20 12:00:00,150.00643924225594,1179.6178630330562,1663.7851356941765,2397.1310486894317
2022-06-20 15:00:00,296.0044556330175,1665.880707661987,2666.364149400913,4841.82347694471
2022-06-20 18:00:00,332.2104125715821,1248.5541797794813,1399.1957867782585,1520.4858157666
2022-06-20 21:00:00,355.2477907196415,1466.124168988701,1697.9444843772017,1962.1373940079611
2022-06-22 00:00:00,192.85612694523036,498.2241473264667,671.7992615677016,958.2920857936878
2022-06-22 01:00:00,143.6228595050959,460.8513241512287,651.0508644978257,953.1668936985833
2022-06-22 02:00:00,152.72456957354842,494.9441679100924,750.0499453658823,1149.439738494122
2022-06-22 03:00:00,111.53647440621093,380.1766719128836,507.54100948969636,760.5917203589739
2022-06-22 04:00:00,133.7209359476894,517.5274454847614,847.9427970401339,1480.6880476245171
2022-06-22 05:00:00,156.789441185207,512.3854199876116,1039.8628508694078,2383.4363116715895
2022-06-22 06:00:00,95.81925185769268,1219.0243498610018,2078.9495161290397,3011.804886683455
2022-06-22 07:00:00,117.63535375237626,306.0898886840742,452.6753185643588,690.945246588674
2022-06-23 00:00:00,89.82736984788336,328.39198160389367,606.1462082885564,1269.115353179148
2022-06-23 03:00:00,92.99951963163359,204.3767286489688,318.40274980275757,546.2373768723169
2022-06-23 06:00:00,78.59413382651299,229.41526733762703,236.69327434799197,286.340835892364
2022-06-24 00:00:00,189.11671854742875,660.7238970981869,806.3262686852183,1128.4388113742637
2022-06-24 01:00:00,124.83709907608717,550.3962460599477,711.8633660561442,1074.3767544209559
2022-06-24 02:00:00,101.27161213858008,323.31814357487656,420.8099096454779,559.7306882686872
2022-06-24 03:00:00,85.2917331185803,287.55528171506785,402.0364142780025,569.6266239866575
2022-06-24 04:00:00,86.62853775411564,499.98518663421964,775.0695219617066,1208.7226996742963
2022-06-24 05:00:00,69.66262412336482,114.06250556422434,127.51701506130426,175.41100590323606
2022-06-25 00:00:00,105.5370953631941,285.5172684052852,371.81036885663195,577.6242556913746
2022-06-25 01:00:00,152.4352131282426,452.7933857740031,508.72470626648544,736.1954424087106
2022-06-27 00:00:00,76.13995410455381,885.4417949620604,1177.1499376371376,1580.2850448824056
2022-06-27 03:00:00,278.15775877194966,905.3954744294584,1046.7798712515807,1194.3246303360338
2022-06-28 00:00:00,26.254869731564632,545.4158984747273,802.1081785683116,1173.2115296101224
2022-06-28 01:00:00,21.88260065152602,528.112686776086,768.6440595006236,1173.8024815687104
2022-06-28 02:00:00,194.01699582637696,1516.8894390751343,2085.996221087479,2687.63566488261
2022-06-28 03:00:00,54.32366244991894,1016.3651619768677,1369.9190373501974,1716.991847302213
2022-06-28 04:00:00,129.8603889693335,746.2171723394295,912.4412425336701,1103.7032590696856
2022-06-28 05:00:00,76.52235930225842,724.0168242468028,1066.4818908622935,1482.7933903255057
2022-06-28 06:00:00,189.17509076352164,1275.2716605938263,1702.7974010487133,2234.933599729992
2022-06-28 07:00:00,313.9955880350271,1784.3739674864473,2332.066525056401,3133.895728765004
2022-06-28 08:00:00,271.88148581743354,769.9574349390808,972.6949489873492,1385.587500876242
2022-06-28 09:00:00,182.43378648648488,1008.4132850004142,1494.0404902641176,2095.9359776808164
2022-06-28 10:00:00,61.5691516124597,772.1328947763374,1197.4580006553288,1793.6908242084073
2022-06-29 00:00:00,311.0356594300765,2297.093555541123,2567.6813496436334,3070.711821067435
2022-06-29 01:00:00,427.96252677422876,2826.2669253828385,3306.250107301672,3893.8095596651547
2022-06-29 02:00:00,239.02537025774936,1748.6536543579275,2252.4208775427146,3213.8778819152267
2022-06-29 03:00:00,450.7255894105447,2651.236912703062,2973.7807239018775,3534.686420569712
2022-06-29 04:00:00,137.4125893638924,1361.3858854491032,2000.5110093780554,3064.40672397664
2022-06-29 05:00:00,171.13952714079883,1579.5297403135964,2285.4879752047,3443.4460899556375
2022-06-29 06:00:00,571.9589046759035,2581.18531471088,2939.126581038111,3241.3587356618536
2022-06-29 07:00:00,324.43629500148154,1861.627935926566,2232.7752226008643,2668.9105399165187
2022-06-29 08:00:00,647.1925127083365,2844.578358751056,3279.1613237100582,3819.522963960614
2022-06-29 09:00:00,578.4311798842956,2562.0553444697925,2946.807440004602,3409.4293402907338
2022-06-29 10:00:00,382.0958857578126,2127.3262061959795,3133.3164233730627,4418.950611207129
2022-06-29 11:00:00,770.3879691750495,3088.0066992457464,3367.1981845397186,3821.272891954322
2022-06-29 12:00:00,658.4642440310464,2473.3549698421443,2819.96109342832,3470.2296362052566
2022-06-29 13:00:00,523.8797395104637,2062.139060351847,2337.394747439652,2843.1766221930943
2022-06-29 14:00:00,495.8044441106676,2307.247877108094,2783.197932201141,3610.5139036691453
2022-06-29 15:00:00,105.90770996980095,1624.9500027235456,2042.2606566409117,2726.506088062539
2022-06-29 16:00:00,181.60885881888996,2133.0056098779123,2483.263050834494,2823.6677870679828
2022-06-29 17:00:00,206.04712199382598,2095.2547096891712,2525.764340148422,2960.111860025285
2022-06-29 18:00:00,302.45219240626597,2272.9884705237578,2750.2711198227225,3572.8303974566916
2022-06-29 19:00:00,376.8520616418617,2262.9362673359246,2849.378379916997,4091.1333559489553
2022-06-29 20:00:00,419.53100911539093,2560.396041937999,3668.3919424468954,4662.820129641607
2022-06-29 21:00:00,417.9761078072125,1725.761217682264,2048.5878564595614,2514.3708621818064
2022-06-29 22:00:00,222.95358116757208,887.3047771564502,1002.9385068964363,1255.7209130866531
2022-06-29 23:00:00,313.86967446918214,900.5945276288633,931.5735566961496,1045.6791179662075
2022-06-30 00:00:00,106.59140982290639,707.9169898940521,777.5592836160135,884.3406462664383
2022-06-30 03:00:00,42.436723028207,430.03057336105735,506.2647753924876,591.2627969871644
2022-06-30 06:00:00,247.12629162408734,928.1512427195514,1034.7592567993026,1292.8918239115524
2022-06-30 09:00:00,48.99395930486213,304.93999463308023,342.0847551760807,407.8159300272749
2022-06-30 12:00:00,172.7707919461723,904.6418504331444,1457.1927862642344,2745.847939118663
2022-07-02 00:00:00,181.6822009533661,763.8213835640797,1083.3954188840103,1915.6435134548976
2022-07-02 01:00:00,174.99414948390202,265.3191808067022,280.79866132255773,332.789327532907
2022-07-02 02:00:00,343.06534905479833,394.51903902392075,466.45330413381305,764.9001823316872
2022-07-02 03:00:00,386.72002964329755,948.8708112885424,1422.8256910851112,2085.2611251405647
2022-07-02 04:00:00,291.65820152694243,633.51860319587,762.601179841653,915.1351682725551
2022-07-02 05:00:00,246.82162243506656,439.1227531891828,443.88839104262905,508.2954987433979
2022-07-03 00:00:00,175.88988137072477,592.8686399661296,820.9949648123471,1089.6643384508334
2022-07-03 01:00:00,197.8984326756578,350.82564769294123,371.95511413297896,513.9049725498384
2022-07-03 02:00:00,147.60228782757946,387.30958255052934,423.2157742888924,571.0237051119897
2022-07-03 03:00:00,217.5937204498372,386.0550842094634,396.9558120516439,449.47006746264003
2022-07-03 04:00:00,276.54847227398307,368.47265803131233,398.21433532399834,593.2485840734998
2022-07-05 00:00:00,222.34251205152592,580.9213127910765,772.0743439093316,989.5677963714121
2022-07-05 03:00:00,499.14948320028054,1364.7001455831457,1594.5640290955093,1764.308915928733
2022-07-05 06:00:00,307.69919096130764,785.8600271567637,968.4775014365881,1109.7717284937728
2022-07-05 09:00:00,247.90833038103153,671.5393791939871,838.0929964945492,964.8612482083809
2022-07-08 00:00:00,122.76835032973366,305.8656417879041,310.6142838429882,317.0570372326736
2022-07-08 01:00:00,169.38107827636767,563.708622484671,813.6729678592973,1049.8538645771014
2022-07-08 02:00:00,217.5926305491153,568.1195554593154,759.4864460078061,1004.6160000547724
2022-07-08 03:00:00,199.29190415794366,568.9010753094354,727.9995311024915,924.7295812047535
2022-07-08 04:00:00,230.3874514467191,616.7106674203318,829.3755270689517,1124.428444009666
2022-07-10 00:00:00,85.89167063956535,351.36937921560616,421.18925965545253,569.5016727966606
2022-07-10 01:00:00,113.942616308688,386.43412387052416,415.0666821242276,493.793371182491
2022-07-10 02:00:00,95.35957427231997,479.23506854955133,645.0106096543745,893.2513966170882
2022-07-10 03:00:00,101.56712094763246,417.4752046441023,556.2137378731925,792.848303542498
2022-07-10 04:00:00,101.64724003964398,364.60450610196676,503.41917122277135,649.9032373091737
2022-07-10 05:00:00,90.35543075960194,179.90987533578465,222.99859635611367,342.5894616200588
2022-07-10 06:00:00,80.55267419547624,291.36437731939935,418.7910889305644,541.1848696306414
2022-07-10 07:00:00,121.53609465956441,290.5072362002639,413.64176400479056,529.9885366349101
2022-07-10 08:00:00,97.5682976189237,295.7303595137272,414.1796446107428,531.2352286812211
2022-07-10 09:00:00,98.43319048739932,320.5443974750134,448.73990693984587,564.4787348734384
2022-07-10 10:00:00,107.63445657693651,319.3636794796872,459.75501271452714,644.4033955177139
2022-07-10 11:00:00,96.68460085992471,302.8237221720279,452.9184796099951,590.5933082080693
2022-07-10 12:00:00,92.93335648469878,300.1040130409017,437.30804353174085,591.922590343505
2022-07-10 13:00:00,75.17630974073349,297.144580996472,397.7173590860289,555.1405034700458
2022-07-11 00:00:00,155.49069381432656,453.736532252024,506.52184417094116,692.1206625300896
2022-07-11 01:00:00,154.12630627997032,556.2263759896066,724.7747382920782,1019.6184467695382
2022-07-11 02:00:00,112.12249388329928,1367.5090317271367,1838.2368798218959,2588.9079731238826
2022-07-11 03:00:00,143.40311005921254,941.2269348871673,1116.6214438805962,1535.4290710855962
2022-07-11 04:00:00,114.32618954692694,385.00826532407297,513.4223713329378,647.8652209887443
2022-07-11 05:00:00,119.06697339718578,357.20324745522385,484.8972531617322,617.2199775099949
2022-07-11 06:00:00,115.78175118077108,354.7450616550697,466.2327691513395,565.2743604405316
2022-07-11 07:00:00,133.71398169454105,402.9926378939313,535.1149607703693,649.2451993829268
2022-07-11 08:00:00,104.94548194469317,339.82881997776417,456.32405274625427,560.455569612674
2022-07-11 09:00:00,103.24711772103015,308.26429417741537,424.86472966111853,543.6811665781017
2022-07-11 10:00:00,119.95106569752653,462.5272466517621,617.6001665884521,816.4004775000346
2022-07-11 11:00:00,114.21271081490353,360.7885562269747,487.71695749881536,649.8258221678136
2022-07-11 12:00:00,148.4069918956073,374.77465387169667,503.05441501209475,657.3892121537926
2022-07-12 00:00:00,322.883578237152,826.6727827023748,917.7092798205243,1140.2873749195082
2022-07-12 01:00:00,224.83327436439,445.60797028986536,458.17880707633253,493.8088542627865
2022-07-12 02:00:00,196.22362122482284,534.4137733762869,681.100455765503,847.4301495392957
2022-07-12 03:00:00,235.48627988987852,517.2488838318242,650.493537720488,783.0299269534844
2022-07-12 04:00:00,155.69351602154762,313.6354358961073,338.19718329056514,440.44250270773296
2022-07-12 05:00:00,191.0646052561389,440.7187414977973,559.9626492000009,681.8135299405455
2022-07-12 06:00:00,190.0117406150211,449.67642004850114,584.6788372204024,752.1036752756921
2022-07-12 07:00:00,132.68589491908207,410.9009496109249,547.436107790897,678.8092162291474
2022-07-12 08:00:00,171.96128286244084,443.2170717547421,622.0387838773214,780.311724051467
2022-07-12 09:00:00,163.06052452224472,477.0187280287735,626.0034183193181,813.568828784383
2022-07-15 00:00:00,103.92259125741178,543.1909028196849,907.690968069848,1823.9895209681204
2022-07-15 03:00:00,96.16515316068615,423.2465388028644,474.45125704807026,519.2250280328726
2022-07-15 06:00:00,189.82426080863198,463.7036742268841,563.5689833777265,885.7387235369616
2022-07-16 00:00:00,109.98353212755174,319.25640365693556,354.4561525576155,387.2381083914817
2022-07-16 01:00:00,73.22425001859798,160.86105322946403,202.79245486203794,343.8762351155499
2022-07-16 02:00:00,53.14215813489645,105.48156689595635,113.49797736629115,144.67885803698795
2022-07-16 03:00:00,137.11698711647665,269.1430317591376,281.8334708399343,407.8652038325956
2022-07-16 04:00:00,86.07794061189469,223.44317803472387,333.87885020452603,677.9112097083477
2022-07-17 00:00:00,152.67326066407912,294.6305893955435,308.720668203612,359.5003920441055
2022-07-17 03:00:00,176.93018083468755,317.9938178291766,349.6075605582754,446.0465183393146
2022-07-17 06:00:00,191.53692133423144,535.5269040564988,650.3574465921214,771.752053505131
2022-07-17 09:00:00,179.38702064766605,285.7008462375781,303.2192355034023,373.5241570197642
2022-07-17 12:00:00,108.61815514565583,288.2266552714324,393.07146138988037,526.2613361818203
2022-07-17 15:00:00,237.13542588699158,423.91967457873625,452.9224923491058,660.8075640117704
2022-07-17 18:00:00,200.64509526484062,346.8063469047819,355.8203116578368,404.7473941542574
2022-07-17 21:00:00,197.25464609146047,545.730235741485,667.7002253848152,981.6835033776358
2022-07-18 00:00:00,187.55944849624154,322.5131757183477,324.35099384703506,337.6091906594364
2022-07-18 01:00:00,186.38575830301335,496.81342603387276,625.7069068649416,798.9559823691574
2022-07-18 02:00:00,231.1274604538124,476.15122449632645,560.9836605318371,889.5468081843484
2022-07-18 03:00:00,163.90873807057721,466.2906547320837,538.3810219705342,638.24077764892
2022-07-18 04:00:00,149.32354082756788,386.5445279174458,502.7230117161005,651.6556916128185
2022-07-18 05:00:00,206.48046135286606,313.9646301432676,373.5804568495002,517.9409993270044
2022-07-18 06:00:00,135.85236153723852,298.6463311441523,317.1084508823336,396.39139006632286
2022-07-18 07:00:00,171.83540823960482,354.86312107166276,436.1653845939343,541.0699932258084
2022-07-18 08:00:00,176.69371636318115,395.220659771904,488.93989723010094,632.5922859576041
2022-07-19 00:00:00,151.4799922925177,388.22143748475975,513.0270911904245,694.8695534061163
2022-07-19 01:00:00,84.98908144984254,548.8114719795843,833.0817955695982,1155.7776222985349
2022-07-19 02:00:00,117.37752215208661,830.4749459781308,1312.4139840036303,1716.1620632463112
2022-07-20 00:00:00,179.9532148733813,658.4268031962016,866.0988570471775,1077.3368530590478
2022-07-20 01:00:00,181.68144867868946,744.2930838349404,1199.0371795106057,1767.2068164634436
2022-07-20 02:00:00,161.28209374397034,1262.8302458824166,1927.172519034228,2494.463675110501
2022-07-20 03:00:00,218.9327598062508,787.3545404049084,1033.64522828882,1408.599149392916
2022-07-23 00:00:00,181.75717467923155,696.4979379369588,841.2402897462159,1131.8098190387757
2022-07-23 03:00:00,209.56630809011065,435.84338547569826,451.45069186297263,466.31927773874094
2022-07-23 06:00:00,196.56733424416564,352.5737000935819,389.0633558087871,846.6597190734263
2022-07-23 09:00:00,138.4135686970741,215.93924388303702,387.8553670757174,1264.456265269067
2022-07-23 12:00:00,135.44557403280504,197.96308498951956,268.9627623053683,642.7289876244412
2022-07-23 15:00:00,120.09012348122752,616.8227329018515,942.4069683876226,1707.7628015747262
2022-07-25 00:00:00,110.23398445835419,244.98249320725398,248.77753019702527,285.96529755745945
2022-07-25 03:00:00,120.19311591194781,267.6358536658799,275.9731120683085,376.7080084299156
2022-07-26 00:00:00,156.41253446242473,538.3164405013163,854.1224787524258,1308.232790959514
2022-07-26 01:00:00,125.4907490675822,502.0103801168752,893.1141959276487,1838.0055399388214
2022-07-26 02:00:00,149.36427134949284,255.00873139350222,286.3049151991899,429.2951941946575
2022-07-26 03:00:00,152.63789635569606,269.67797137774676,305.41759716559983,450.3736711095253
2022-07-27 00:00:00,185.99638484298308,430.8821146069631,552.9452002094743,669.1975421312212
2022-07-27 01:00:00,173.41561468455888,381.93822194087664,398.557448250279,497.4956973736578
2022-07-28 00:00:00,154.10261848033724,305.3314404648414,327.8200498831847,500.10668271802314
2022-07-28 01:00:00,125.30838999611485,283.0847715762485,312.48744237212037,439.62811431572885
2022-07-30 00:00:00,105.47991001481012,255.4916918142824,275.54745915623835,438.4297115908665
2022-07-30 01:00:00,126.6350719961883,182.15923314703227,203.7597357251765,331.47755277377837
2022-07-31 00:00:00,138.1984117577901,301.06542578368715,303.49186808455704,325.3967249326945
2022-07-31 01:00:00,168.41639372692632,353.4408286954434,361.5805932779321,403.9185103527496
2022-07-31 02:00:00,163.05474303873578,266.34883664241823,319.06308272150835,536.0928280226219
2022-07-31 03:00:00,176.2090399673644,313.4203077533272,341.7931884135128,497.63102017559703
2022-07-31 04:00:00,50.38562642980546,312.96182847857574,469.6580069834849,758.6423538908533
2022-07-31 05:00:00,152.06836610410494,264.7337940476841,273.5220998269469,331.48755005059246
2022-07-31 06:00:00,141.80856645330718,248.35944291473794,259.17135416944217,297.03792284828023
2022-07-31 07:00:00,168.83951016453463,271.1771943685131,317.76716344388893,625.6680469922129
2022-07-31 08:00:00,141.5810907194845,251.34743018373993,273.8470644100312,351.64208553446383
2022-07-31 09:00:00,125.03936890703257,229.4859681515987,257.72083202204675,335.7799251692884
2022-07-31 10:00:00,148.23356702507795,244.8724437947613,274.98378094971133,364.8403612907042
2022-07-31 11:00:00,148.07287764757382,288.5663715810944,299.45823689525355,454.8896972748806
2022-07-31 12:00:00,135.802570027577,244.28354912710057,293.5813074025142,468.96298336869273
2022-07-31 13:00:00,146.82865863448754,312.8974406959566,321.1036867984141,345.4374993114716
2022-07-31 14:00:00,152.94351874813788,253.46833934459036,293.0878193722528,413.0190911729155
2022-08-01 00:00:00,73.81152208248427,194.07722278497488,240.04185243124329,474.4259046052857
2022-08-01 01:00:00,63.77320070325589,187.88253628407205,220.2889387157446,319.26188953903727
2022-08-01 02:00:00,67.17207698098571,188.29145994111514,203.4426757156394,270.5929048251545
2022-08-01 03:00:00,60.81618518962824,163.61896400182567,176.56270898001085,230.15376868441254
2022-08-01 04:00:00,55.84653868031663,260.9829109846106,387.905448655758,587.0757052837524
2022-08-01 05:00:00,79.79727401298993,287.3186101853135,331.6466821285363,447.1027213776478
2022-08-01 06:00:00,46.40330876715686,148.25574939804542,162.9718980755367,223.8570761988367
2022-08-01 07:00:00,58.1752029168353,250.63812421411174,312.2476531733721,416.6166513318092
2022-08-01 08:00:00,42.60924359827359,233.32293773781916,290.7880102231909,495.7176834202289
2022-08-01 09:00:00,39.03082212782087,101.51717477246697,177.77723732136144,461.49761881280415
2022-08-01 10:00:00,57.60932215217766,238.36972924035604,279.8641800969806,460.9090399390535
2022-08-01 11:00:00,51.47490490661873,87.72274237159931,94.38775691250468,159.6956195789322
2022-08-01 12:00:00,112.55215288901299,238.01066515845284,381.0543438544499,761.6844268816747
2022-08-01 13:00:00,,,,
2022-08-01 14:00:00,57.089507634945726,158.66358332309576,177.52972045635315,240.15330033278536
2022-08-02 00:00:00,63.61190059186382,150.3880069312011,175.90471485163008,319.361255785216
2022-08-03 00:00:00,167.3429047174479,475.15606018125686,510.8976099538431,638.0795750989764
2022-08-03 01:00:00,2.3712803528421538,162.75685408471256,598.5627847984573,1414.208543702084
2022-08-03 02:00:00,335.98721434080704,950.390874556328,1060.8951891598144,1403.0215904503955
2022-08-03 03:00:00,521.9739705334559,1471.5193746741245,1581.2995226687126,1931.5258602533715
2022-08-03 04:00:00,151.78909749556524,480.14477627980887,642.9305103316209,755.8416757177672
2022-08-03 05:00:00,130.07996096361276,449.1457182099775,580.8240249594628,683.126813666978
2022-08-03 06:00:00,132.3427593964065,305.617191482511,327.95574739831795,440.913458576417
2022-08-03 07:00:00,217.01833237076343,386.6914840357941,401.15293818999675,506.06444430750224
2022-08-03 08:00:00,180.24303479418109,318.7765240361392,333.05885154149945,444.84547816424487
2022-08-03 09:00:00,177.0451507153897,298.26394191868917,355.6810875368315,509.1538549070869
2022-08-04 06:00:00,173.80505791412804,388.1210349595024,399.3104213101702,450.25307801946053
2022-08-05 00:00:00,219.57095286305633,619.5816168724813,712.894545684761,825.9430879214102
2022-08-05 01:00:00,164.48563632030417,282.87922313125875,358.54837553186275,631.9581490163008
2022-08-05 02:00:00,163.60483013278267,324.130960399614,345.69207610473285,418.5652556788844
2022-08-05 03:00:00,179.1465030832442,319.5639314370822,337.2358063995586,416.5754814133532
2022-08-05 04:00:00,169.55096309799205,304.653545832502,335.8038296453268,422.380571808931
2022-08-05 05:00:00,154.92365761300636,344.0876426249995,364.20433072645494,456.1447155021263
2022-08-06 00:00:00,147.22356985957592,508.48036912642914,561.7938778804576,751.7652970469053
2022-08-06 01:00:00,133.41880350328793,512.4009092915283,708.6031259625067,1097.7154981414142
2022-08-06 02:00:00,187.89398041116914,491.26209347216746,598.1632048072402,1099.35275268951
2022-08-06 03:00:00,145.5043561302029,531.5864133780375,794.6462300439453,1334.6914835123441
2022-08-06 04:00:00,209.25005148210553,689.2879220406002,782.3554152850558,1168.5597340914785
2022-08-06 05:00:00,148.8333766555584,456.0709020361029,682.0433527210929,1192.9826452483198
2022-08-06 06:00:00,159.58445342568223,568.3277092212901,749.2548750608879,1260.5660550158943
2022-08-06 07:00:00,135.13435356346324,763.9633092299338,986.876608931749,1410.4374017191683
2022-08-07 00:00:00,82.80856603485844,228.74379890547903,245.04519157351413,315.9022919219209
2022-08-07 01:00:00,93.28616334926649,309.16962341229174,332.1552641002785,405.78167880582413
2022-08-07 02:00:00,304.311813453406,713.0709925099613,806.8558464913825,899.5238119987956
2022-08-07 03:00:00,102.10719065508417,246.48399965377337,283.8956279807106,397.673630348242
2022-08-07 04:00:00,138.40544904624258,404.4136870377217,660.6171241900846,1502.2502552961248
2022-08-08 00:00:00,60.89257470157756,326.5570340075267,562.6585743785067,977.5949143600353
2022-08-08 01:00:00,54.42884941256824,192.74960328307208,203.2983515409177,220.5753060042116
2022-08-08 02:00:00,99.26419928068037,275.4093663448227,298.4713666659466,417.224160221494
2022-08-08 03:00:00,85.65937914448737,175.13656351668004,194.17541241695181,272.7060745950377
2022-08-08 04:00:00,86.44097483248439,198.4455670125041,224.2123757544053,338.7087872932526
2022-08-08 05:00:00,67.72527050721511,143.90204739114887,172.77808025471595,272.6626357278648
2022-08-08 06:00:00,85.79403332845982,160.64544702220576,184.59151595041544,302.2961314098535
2022-08-08 07:00:00,77.16433156272491,152.25104984092357,155.82271333486617,180.02659605841646
2022-08-08 08:00:00,71.23229466789937,254.38898829988437,411.49018967143553,678.495342788658
2022-08-08 09:00:00,43.600916768299356,114.40112360457557,164.71955616781221,324.67717554268813
2022-08-09 00:00:00,101.26320216980699,185.59734156082024,211.73886629867067,319.97146659516847
2022-08-09 01:00:00,97.83661687027283,251.40974829055153,267.85942762854546,354.55171275897055
2022-08-09 02:00:00,85.97343937790028,201.16713209814304,218.2531613842349,290.3728938704943
2022-08-10 00:00:00,133.04243062314552,215.46228367216187,271.74757493572787,440.757797649498
2022-08-10 01:00:00,116.63717659337897,225.75230592857028,256.6647582204419,377.85600118845315
2022-08-10 02:00:00,122.10506984335782,199.76101272324783,215.11610011763517,284.06500049149327
2022-08-10 03:00:00,126.13840583058435,202.2146985145817,209.82123996018464,314.00025183879666
2022-08-10 04:00:00,111.44801757864388,294.7624562438408,450.44809253220365,605.7694713580744
2022-08-10 05:00:00,110.5944893499844,219.50980659612122,230.93937750374963,418.1096232368737
2022-08-10 06:00:00,117.92402596123526,238.31462900223613,277.33805545078735,546.6313119250482
2022-08-10 07:00:00,128.48042327257392,216.42651411169643,261.5994218258061,425.4662665155272
2022-08-10 08:00:00,149.25800385917825,254.29937386889964,301.6090961545261,502.9345596482673
2022-08-10 09:00:00,173.98953941843504,275.2393665060591,379.8360899581033,973.5327533653018
2022-08-10 10:00:00,162.98489728850777,268.33053185948694,299.3525398765958,482.391906880265
2022-08-10 11:00:00,184.70490215055477,367.66229964294627,406.3086705942346,634.9176476506057
2022-08-10 12:00:00,170.47638112862248,314.4969362064683,373.5204672201988,624.7393448727382
2022-08-10 13:00:00,189.5800492996543,308.134429970338,312.15817553044224,346.7875210080511
2022-08-11 00:00:00,29.03759443717799,1527.8143531510702,1854.3290725862298,2715.988672370313
2022-08-11 01:00:00,52.75933026774306,867.4853315605433,1046.7340872003322,1871.887396730285
2022-08-11 02:00:00,1.7090096356639057,124.82590612635227,334.48597275465613,964.1541956570385
2022-08-11 03:00:00,63.409136695217356,734.5276642339121,974.2798887641852,1538.6409805675048
2022-08-11 04:00:00,94.17217689603507,778.3496418492498,989.1264536008877,1761.6488264381028
2022-08-11 05:00:00,273.2856614462347,1924.5646030369771,2535.1104849888206,3693.0814930400657
2022-08-11 06:00:00,210.8090022907874,1418.8708168734229,1966.8428556467038,3324.9567547481047
2022-08-11 07:00:00,305.28879082387584,1657.954938691977,2094.9360258239353,3493.1670742628025
2022-08-11 08:00:00,60.416985868760534,804.9691477941592,1509.5844720538198,2869.4115361035315
2022-08-11 09:00:00,251.58245909551124,1667.350301251871,2177.368340625539,3326.4705460801415
2022-08-11 10:00:00,319.07467991591136,845.2094339436397,1192.388464226709,2315.4581851628227
2022-08-11 11:00:00,2.3732767122100586,393.02096611423883,851.3680353129079,1699.698833530143
2022-08-11 12:00:00,104.83191791823717,513.8612153945598,784.9054235915722,1439.891581285853
2022-08-11 13:00:00,105.50405373721244,568.7019446956397,1028.3405010659712,1806.250142610363
2022-08-11 14:00:00,213.87929320861758,1392.7530631868483,2182.0253308972106,3481.7833170818726
2022-08-11 15:00:00,309.53377531389793,1287.9049698991432,1766.7925599308546,2862.9566066793623
2022-08-11 16:00:00,175.831588737679,2690.1558610660763,4568.828976861091,6845.307552943918
2022-08-11 17:00:00,265.5943914964634,2459.836046756145,2947.643993752672,3573.08308543364
2022-08-12 00:00:00,180.26536525544626,648.5726546338597,791.2509290604057,1193.2920700399495
2022-08-12 03:00:00,144.25249822818125,609.0692559809379,843.8838773882875,1320.4763865045124
2022-08-12 06:00:00,177.5299389435184,368.6999851203505,420.831174074542,631.1699386434328
2022-08-12 09:00:00,177.42467821120005,568.9299957482679,801.5765571987664,1104.8778750541096
2022-08-12 12:00:00,331.9917034622084,1216.9120751976134,1376.5691516735396,1820.9797398735661
2022-08-12 15:00:00,278.3233760733406,716.611724858964,1111.2730100833594,1973.3433688522
2022-08-13 00:00:00,156.96159534992736,413.73455628770154,526.5924844105405,816.505999854827
2022-08-13 01:00:00,172.95329907656432,729.0784083804394,1070.8798965204421,1552.4494874827378
2022-08-13 02:00:00,218.6556893344107,821.3149218015826,1182.5330512020898,1793.5910506927378
2022-08-13 03:00:00,97.98564367998388,423.6180708726372,514.4321247712046,711.785023768703
2022-08-13 04:00:00,181.21590886365306,754.9125345398053,1003.1116783902287,1402.512714153244
2022-08-13 05:00:00,187.75207689172947,770.3803802100929,1063.0623328948,1744.265113523268
2022-08-13 06:00:00,123.02279314638272,326.71505858970426,419.9283746774277,689.6238381293
2022-08-13 07:00:00,159.08455552542577,439.46727801376124,512.3217452183411,802.6548623447002
2022-08-13 08:00:00,171.12770556011975,614.5124519731951,735.9168162968805,1146.3967566691988
2022-08-13 09:00:00,214.49482305585482,882.157641837315,1259.8251147801882,2338.770600681594
2022-08-13 10:00:00,149.23466736439488,669.9622824947786,1223.0894066684466,2238.360464449283
2022-08-13 11:00:00,,,,
2022-08-13 12:00:00,174.0657501698023,750.493214989685,1504.8045314579558,2982.3436303134135
2022-08-13 13:00:00,177.18592333817637,454.8415625659413,855.7291641455681,1837.7373543358049
2022-08-13 14:00:00,165.17326490825513,604.9696388812731,1052.289601792379,1905.5825314964584
2022-08-13 15:00:00,18.024836868450596,678.6723563611491,990.5791432990801,1472.166276263373
2022-08-13 16:00:00,108.55293576566429,744.4083254993958,909.8525681435862,1218.4094176808112
2022-08-13 17:00:00,73.80304763357262,593.0771769431597,721.8341500233973,926.1551381984874
2022-08-13 18:00:00,119.5347367615569,680.2041409807415,920.0782947332931,1396.574978092919
2022-08-13 19:00:00,304.123894548098,1006.8877138136211,1522.9159603581807,2424.4934480384313
2022-08-13 20:00:00,91.98839637756743,377.4222255723329,516.8213352204781,795.6734553689453
2022-08-13 21:00:00,61.001134054210624,251.09916792621792,339.8393460091543,519.3174786221489
2022-08-14 00:00:00,62.125159093598576,293.5121141707475,333.6912330282114,390.2184639535025
2022-08-14 01:00:00,97.1504888667246,408.0991704902041,468.28422295295024,552.381203146925
2022-08-14 02:00:00,67.18627263032579,202.9159290709033,216.87535999209584,315.8742272699245
2022-08-14 03:00:00,51.119620985675795,148.05827328558672,159.50259174382018,180.96769419550895
2022-08-14 04:00:00,58.18134041453113,222.4572294681939,332.7320589869255,502.1439240428612
2022-08-14 05:00:00,44.274140164889694,108.02862842433532,119.35146335190406,151.3799228187433
2022-08-14 06:00:00,41.17577946848822,131.28300777507206,133.445232259015,146.68184134486663
2022-08-14 07:00:00,95.41472551948743,289.73949382495573,359.2561053662425,617.681472279682
2022-08-14 08:00:00,24.677100058388636,97.25727058109277,130.45323414655712,221.43899610255502
2022-08-15 00:00:00,139.87012126680523,433.65801238244114,634.8389196996733,952.9816838685539
2022-08-15 01:00:00,174.2189543254318,576.3301450062754,725.8746728484919,945.973140113631
2022-08-15 02:00:00,154.9618731954173,307.7052844846556,385.54622137720145,527.9686802984379
2022-08-15 03:00:00,184.87642318685258,364.72414199074365,385.54494037537614,535.9477087939407
2022-08-15 04:00:00,182.74850170607917,361.8876796526927,379.67326566744276,527.902088787305
2022-08-17 00:00:00,268.4086648925831,491.82417688864183,540.3074495536817,733.2617558522908
2022-08-17 03:00:00,290.63487217474056,851.4707830832119,1117.0733432242969,1397.4116342531693
2022-08-17 06:00:00,225.76217433354432,386.3109134583643,444.517990847657,591.1748852175039
2022-08-17 09:00:00,182.90090488136693,342.6768349413715,401.46024286521384,593.7001773261024
2022-08-18 00:00:00,187.9212608820112,308.67287232325515,328.54553032228216,441.90036748509795
2022-08-18 01:00:00,192.13661443393886,312.42665410589166,330.34790330027045,442.1425252608681
2022-08-18 02:00:00,180.8991744820148,328.59958029147884,366.4925132472094,684.9577026159349
2022-08-18 03:00:00,142.52021226568263,378.0531417424227,485.3883002713186,644.9605449356116
2022-08-20 00:00:00,105.55118111337308,451.42259853635284,508.6674328092952,678.3153430046465
2022-08-20 03:00:00,109.55630816893974,559.4887454355344,713.3930049076909,1244.7689795100916
2022-08-20 06:00:00,100.69291806248822,330.21419212008607,393.7893043582935,711.5861541035723
2022-08-20 09:00:00,90.78946919457044,233.2952400080206,249.5926211077249,326.7090427500611
2022-08-20 12:00:00,125.82212775931333,343.7200156131918,368.52267261844503,477.79205814760303
2022-08-20 15:00:00,74.18292981994973,170.12437007284208,177.0458438539188,241.2848772510767
2022-08-20 18:00:00,45.32251968365675,112.3080495611893,129.59453046629352,163.506011662387
2022-08-20 21:00:00,65.98093129534324,286.86038851882654,471.2131528350873,842.3916198954931
2022-08-21 00:00:00,114.36731771796069,362.8028875612829,481.64053099971113,762.9192175875432
2022-08-21 03:00:00,180.1798637953285,412.8300090475907,435.3106035986782,514.4462483644644
2022-08-24 00:00:00,230.32446292949797,982.2052357833929,1169.1891531964525,1404.7963318628485
2022-08-24 01:00:00,154.99422489859748,597.7695759570585,715.168137829978,913.9511142259953
2022-08-24 02:00:00,194.71554369763885,736.8908348830576,891.5548655360309,1231.641265839368
2022-08-24 03:00:00,133.89737467989642,528.7222633288931,716.7900809573966,1064.9857145699716
2022-08-24 04:00:00,135.56915334737056,498.5515804511404,675.7111866069959,985.5037028928581
2022-08-24 05:00:00,236.45517526910197,806.4323031197914,1049.8639361859182,1612.184612728042
2022-08-24 06:00:00,155.20420083968884,547.6538323250942,746.0472722374916,1001.2569148351066
2022-08-24 07:00:00,189.35818910826006,345.54605726167273,396.28259438123433,615.2580417519772
2022-08-24 08:00:00,155.84917241758248,361.3630527009002,482.57472117576845,730.4406050402738
2022-08-24 09:00:00,136.0030754140216,375.5616732262569,509.1595025284442,738.0875947971964
2022-08-24 10:00:00,199.78943167655666,578.787740189037,626.7784522865317,742.426048313685
2022-08-24 11:00:00,190.15325437515085,677.2543079234779,848.839836651456,1099.9056842855557
2022-08-24 12:00:00,160.44059243711263,667.9948863029688,761.8175341513552,820.836881975926
2022-08-24 13:00:00,194.20786680154472,905.1155835641256,1078.4871964196277,1208.0333388254674
2022-08-24 14:00:00,141.9587330566956,335.8975902881976,375.5922098130932,487.67289994633563
2022-08-25 00:00:00,302.9607641589685,828.1029542389584,1352.623239275253,3086.099306163436
2022-08-25 03:00:00,39.99051403348099,1096.4545465636443,1895.4468065261203,4143.105619733792
2022-08-25 06:00:00,248.53059332183116,556.2192787057028,604.8166621241724,891.1870632798247
2022-08-25 09:00:00,248.96381925752723,1868.749675454496,2508.8584365076113,3367.985014954536
2022-08-26 00:00:00,354.90449118608643,953.6868442565802,1256.9101331661277,2089.871414256563
2022-08-26 01:00:00,506.6091984369235,1915.3650482532328,2894.688573633945,4082.532824866218
2022-08-26 02:00:00,503.6157582100087,2040.1561550889376,2672.112596524981,3383.730456239911
2022-08-26 03:00:00,653.5469060574909,2126.8213287513263,2610.8450185408874,3299.807910322492
2022-08-26 04:00:00,558.5889011140221,1726.5651636560553,1964.1363229190115,2607.328696734361
2022-08-26 05:00:00,431.54114570059266,1204.7173095141047,1424.3082551934801,2102.686059798829
2022-08-26 06:00:00,333.2377515488497,1407.8192240491658,2081.783570455255,2855.113195964892
2022-08-26 07:00:00,282.0546231101507,941.5925750948437,1268.1614505666794,2034.0389903677535
2022-08-26 08:00:00,387.2470980314285,2091.124954528254,3450.2086788710335,5684.376484539965
2022-08-26 09:00:00,273.08607410608573,494.2094681623723,685.1244149644967,1114.3055213907016
2022-08-26 10:00:00,345.0304538049567,906.3837290822084,950.2101608492062,1046.1999510288965
2022-08-26 11:00:00,186.4961728881947,615.434856377163,941.4543990405111,1595.29402665136
2022-08-26 12:00:00,135.51491879195964,528.718467128906,870.2860813783827,1549.5874467412364
2022-08-26 13:00:00,119.77350748503335,419.97844428134295,674.0382313774968,1116.157694364748
2022-08-26 14:00:00,148.97629906791232,645.7278932513364,794.5806076566149,1010.8094145246665
2022-08-28 00:00:00,97.51812892255916,256.92906587498123,272.9156758773108,387.27940691232953
2022-08-28 01:00:00,176.673663503984,555.4145138283069,653.1528492282382,1051.276634107187
2022-08-28 02:00:00,82.68075077515209,256.83363689561077,280.31267997688695,416.91628336342495
2022-08-28 03:00:00,116.72704440434572,220.623905524545,317.5151252527376,746.9770089788435
2022-08-28 04:00:00,100.34415945707758,268.1578481496499,276.2423628919332,339.5640013692264
2022-08-28 05:00:00,86.18756847236848,418.5134243019811,578.5874371839343,777.5199521744559
2022-08-29 00:00:00,81.70073400652826,288.0794555608384,403.98670790147213,836.5275852181276
2022-08-29 01:00:00,56.05769686351807,146.08417221133573,159.71217453005957,223.35615376052826
2022-08-29 02:00:00,40.59973422436048,135.42173744725193,156.36165965090186,288.875940531785
2022-08-29 03:00:00,29.5762216120192,195.65883377560894,229.4685203626997,306.67063869432394
2022-08-29 04:00:00,24.880128526748,158.39990385714842,255.36208693014666,505.06061984533557
2022-08-30 00:00:00,72.93987625200651,419.87635292195904,610.5063360985242,962.9668328361229
2022-08-30 01:00:00,89.27394240040601,483.6189296117314,550.4481646643944,607.9818909806554
2022-08-30 02:00:00,163.39913160603354,550.2062951121648,655.8615910838977,763.4822071768918
2022-08-30 03:00:00,166.15411278461266,737.8974813625631,911.808909656715,1242.2304844331013
2022-08-31 00:00:00,94.76277218733438,352.49228801868827,456.442837612273,734.4973517120635
2022-08-31 01:00:00,32.53672591475634,428.1773118866425,883.3804041933943,1662.6982477898082
2022-08-31 02:00:00,176.3378980152564,1355.7050369167002,1628.1801902260358,2445.239372901563
2022-08-31 03:00:00,45.31021731152407,1448.2417299432868,1853.727511427284,2694.982892417484
2022-09-01 00:00:00,213.3858821299877,1144.7575132905843,1370.379619781005,1696.1980435198832
2022-09-01 01:00:00,207.2693756928016,960.586145276462,1099.4970614640047,1634.6147141729923
2022-09-01 02:00:00,239.22658080966477,1717.7941297720142,2704.92422334187,3672.8927467686344
2022-09-01 03:00:00,147.0433580336286,908.0575528974886,1163.149184783054,1975.2549099451448
2022-09-01 04:00:00,252.97773959527052,806.2741406433242,1023.936105881031,1690.721995219465
2022-09-01 05:00:00,371.81655845242557,1091.1254502507788,1202.9505718048822,1668.1869179805703
2022-09-02 00:00:00,416.1501292145971,2538.699837033331,3400.606904940262,4145.555414185272
2022-09-02 03:00:00,54.347048374235136,637.0144968322126,962.8625299586662,1613.9648940513537
2022-09-02 06:00:00,545.0934509425923,2423.753273742964,2722.8491709389136,3034.5411129290737
2022-09-02 09:00:00,213.49539658754722,1306.7485233107263,1946.120816639599,2751.14871736619
2022-09-02 12:00:00,716.8792942123132,1735.4598075157162,2529.014374224785,3956.224205326604
2022-09-02 15:00:00,1218.2648336847642,3001.5107231157567,3225.7739409151354,3724.295856980493
2022-09-02 18:00:00,287.968481190406,991.3431043917951,1204.3370277440695,1518.5201465809423
2022-09-02 21:00:00,110.27872301767968,857.7214126090105,1134.0326394834883,1528.0088230747695
2022-09-03 00:00:00,206.67128039747644,908.6505672127915,1303.04073786832,1987.6164271203727
2022-09-03 01:00:00,516.7987188926077,1554.0638859190806,4035.0030873295304,11815.484570577037
2022-09-03 02:00:00,602.8265552189544,3569.3115553601106,4097.468276012119,4799.177565417114
2022-09-03 03:00:00,199.96340912724187,1206.8474301046922,1409.4639223127328,1725.426922140495
2022-09-03 04:00:00,262.8508676830532,1363.2433376330368,1592.9442352041167,2243.2399909233272
2022-09-03 05:00:00,248.04913755982315,1321.1730127614812,1514.6752576114186,1896.1863106669443
2022-09-03 06:00:00,512.4245744413577,1281.556103258158,1396.296293675583,1665.7224266438661
2022-09-03 07:00:00,368.67639026259747,699.0984681616297,856.6278556762976,1193.9405861634386
2022-09-03 08:00:00,330.106580523445,817.904698479261,1095.6591467946982,1712.3969378705347
2022-09-04 00:00:00,222.61586538493336,1185.4138563927079,1831.661119675358,3304.1416930584096
2022-09-04 01:00:00,194.96127037785232,1218.9157122767117,1980.193489525138,4220.998982638051
2022-09-04 02:00:00,408.8376617848736,1183.789502477106,1551.157445990456,2859.884671693533
2022-09-04 03:00:00,220.68468102938118,562.5482793839155,995.005125984985,2081.6569686755
2022-09-04 04:00:00,232.69704104100757,471.50480654538626,527.0830460725426,855.9918610786096
2022-09-04 05:00:00,310.8011432021105,760.3350069736665,1259.9107267353584,2500.3963996710586
2022-09-04 06:00:00,268.78687406973347,1006.8790616249393,1885.6246311485959,3345.9002445360634
2022-09-04 07:00:00,522.0916499692993,1474.515872390061,2378.263670447929,4191.291336539485
2022-09-04 08:00:00,418.72344689338547,1147.1433349766312,1922.5927056158346,3471.118758610753
2022-09-04 09:00:00,321.96917030665674,677.9630474187494,971.9945113877768,2017.786343798991
2022-09-04 10:00:00,442.49866187178213,1075.9416236010563,1709.0688295412076,2905.985168107251
2022-09-04 11:00:00,341.4639754827903,2320.4188171901865,4192.638800874414,7455.289922283613
2022-09-04 12:00:00,294.4147333452265,1083.2050153875828,1429.7293618817212,2471.4471614376557
2022-09-04 13:00:00,266.09137530806004,2147.0296586080235,3261.71479544043,5335.057496718085
2022-09-04 14:00:00,94.30890736943218,608.4710939559269,1008.2670174934183,1659.134983278697
2022-09-04 15:00:00,72.42210402117503,543.2087232344679,859.6437986449916,1567.1635100040278
2022-09-04 16:00:00,127.2517416418067,969.4832516381247,1317.9991103061298,1764.4423928899046
2022-09-04 17:00:00,10.834336022866308,1030.353335686202,2059.1228626689476,5119.124800748849
2022-09-04 18:00:00,18.57815563659127,1222.860524385293,2497.8196714606497,5619.428232055305
2022-09-04 19:00:00,38.12712611450075,1858.4074064802212,3604.03846770353,6982.633231229056
2022-09-04 20:00:00,111.81495027165757,3467.4782241152416,5493.037290840354,8835.322490655757
2022-09-04 21:00:00,183.0602985690868,3626.180104585364,5251.470195961218,7367.43906141706
2022-09-04 22:00:00,60.324276336114266,957.2143095682287,1741.6804055674068,3429.7958938125357
2022-09-04 23:00:00,158.10910949519237,1100.4917126177409,1631.9656222799206,2805.043970580568
2022-09-05 00:00:00,135.02646781663924,968.9887214817501,1591.403517232184,2704.625512730685
2022-09-05 01:00:00,104.47205717241825,508.83927322725447,955.4938858353023,1855.5097590252117
2022-09-05 02:00:00,69.2046460395936,1253.5708439785483,1904.248309275325,3134.0150713996827
2022-09-05 03:00:00,208.24186891662924,2975.177131176981,4060.793935303786,4808.280659957981
2022-09-05 04:00:00,3.2863783186223836,981.3700483170952,1226.467655112433,1767.868266203119
2022-09-06 00:00:00,48.71616136532521,145.27082118436462,284.53022763560193,602.3567998668865
2022-09-06 01:00:00,115.1455482268813,474.37274420200293,568.7425355151103,754.6089755831138
2022-09-06 02:00:00,116.07210651080511,516.5912549348632,811.9241180354912,1356.1394943093571
2022-09-07 00:00:00,47.04979212737522,438.84872016422037,775.8589941767342,1966.1479525827747
2022-09-08 00:00:00,1.3488452519396923,114.27220518014876,448.09478513457606,1351.7065314631213
2022-09-08 03:00:00,179.53606046575308,1213.9073647749226,1617.5364137287174,2380.576401507677
2022-09-08 06:00:00,231.7551765658475,1508.8716819352494,1761.1616577335628,1980.6776492399147
2022-09-10 00:00:00,566.7211163816564,3348.718295003482,4725.981105054396,5849.016368699021
2022-09-10 03:00:00,452.77063180612026,1408.0753687562722,1877.6722586752805,3699.135089500212
2022-09-10 06:00:00,80.45022409175571,1384.5806495006052,2341.3863159162847,4253.89208198839
2022-09-10 09:00:00,516.2673757759778,2454.365367290307,3272.7275533020247,4043.5256390922673
2022-09-10 12:00:00,264.89165304331624,2852.164466692608,4646.943364683834,6835.5526973656215
2022-09-10 15:00:00,341.012996035062,1509.377412518197,2607.7614236101635,4055.754917732531
2022-09-10 18:00:00,469.36617577014755,1311.1772855568045,1665.704879160087,2183.3952552430737
2022-09-10 21:00:00,368.1132377985934,1325.3072136944677,1571.0739811499923,2003.140270249576
2022-09-12 00:00:00,319.2715553744661,1159.6974563713736,1503.646268141561,1974.0347741899027
2022-09-14 00:00:00,417.97492365010925,1585.4279367839663,2033.6450035778103,2511.828571894314
2022-09-14 01:00:00,371.1898574421389,1053.1670724015362,1336.4654781761424,2108.159649404359
2022-09-14 02:00:00,420.5200601731593,1410.0642797615537,1829.8786696175027,2303.2801815485464
2022-09-14 03:00:00,352.36111626655037,772.9072432639398,1075.3615990961478,1656.9712488824593
2022-09-14 04:00:00,71.74391751834197,803.4600575455453,1247.454209433814,1983.7770152507826
2022-09-14 05:00:00,230.6858008674743,799.243656867396,1283.7021626616338,2135.2881380538033
2022-09-14 06:00:00,213.6761913927539,771.1728243549545,1255.591895719049,2128.783117633452
2022-09-14 07:00:00,326.06075116027404,2111.577020410058,2925.5462799913803,4028.431070968179
2022-09-14 08:00:00,325.9096243960244,864.2668845784406,1048.8534477964429,1843.3413823985918
2022-09-14 09:00:00,498.76061341157936,2238.0968343398113,3216.4798241454005,4353.955070199939
2022-09-14 10:00:00,506.0312075401208,2576.148727667548,3610.595314683036,4658.61850764238
2022-09-14 11:00:00,486.94406581317617,2493.6166271684674,3603.987000932639,4971.2656319367825
2022-09-14 12:00:00,237.71483686757688,1512.762660624279,2039.8732099950469,3032.581885284589
2022-09-14 13:00:00,153.003352200337,1027.356451839398,1759.04410463562,2977.3434812693727
2022-09-14 14:00:00,55.90760012620129,1378.3735092229228,2092.4837559048437,3297.982945176171
2022-09-14 15:00:00,58.44606530240564,869.2216080177277,1695.3259573077246,2877.351040289012
2022-09-14 16:00:00,318.44127018859007,1885.4186714640089,2401.613389013358,2914.20983462497
2022-09-14 17:00:00,345.5406407359542,2202.3923896700912,2926.5189209579025,4124.273797554441
2022-09-14 18:00:00,731.0581029086601,3629.673778929398,4623.907602396408,5853.289406645515
2022-09-14 19:00:00,339.89490802288077,2064.667127600701,2774.768090554101,3353.470751600646
2022-09-14 20:00:00,363.8545255570225,2034.8182626141506,2510.4366779776788,3104.858601131956
2022-09-14 21:00:00,68.26681344541903,1221.896044517804,1954.5556172855793,2836.975004508039
2022-09-14 22:00:00,142.21923947355788,1649.9043911108438,2197.2754535810573,3131.749506884746
2022-09-14 23:00:00,166.02694394616884,846.2651483750184,1354.6896068061283,1990.0796571085518
2022-09-15 00:00:00,131.8274723675757,819.1282657290124,1308.5554667884953,1967.3988982311532
2022-09-15 03:00:00,381.8264693128304,1703.4772607567306,2080.913613277256,2360.421180782852
2022-09-15 06:00:00,163.048012620447,1072.166193862872,1694.4881692230751,2515.892791969028
2022-09-15 09:00:00,29.3176200440917,1488.6294461906145,2625.2541402980864,4232.992130616964
2022-09-15 12:00:00,55.630427261012635,1495.3805606733943,2524.9692520331882,3946.944021644287
2022-09-15 15:00:00,47.1438264673451,1263.1632472573863,2013.5562716580882,3075.6391625387964
2022-09-15 18:00:00,57.03392867401607,1123.6486603151568,1702.5709085526057,2433.4352579590486
2022-09-15 21:00:00,450.6066911363702,2068.4449702042457,2487.239151997386,3035.7779571713527
2022-09-16 00:00:00,225.20633626515158,1231.8560347743291,1462.86523413517,1788.3047718404364
2022-09-16 01:00:00,223.9992847911902,1286.4563265190511,1476.7508485972262,1779.9722384475265
2022-09-16 02:00:00,39.367822820865925,488.82759790194086,718.0201769822575,1118.024907832382
2022-09-16 03:00:00,112.12175913312822,729.9894942207046,996.4058010208273,1273.9095096274384
2022-09-16 04:00:00,316.0926101347207,1213.8667396708843,1469.5754000977922,1715.5521032072338
2022-09-16 05:00:00,66.59796679743877,752.451322499656,992.4494338820818,1282.5012813957048
2022-09-16 06:00:00,199.4394981893386,631.9449401464188,670.4417077480811,789.6747824783937
2022-09-16 07:00:00,259.75677151750745,1272.3728883232245,1794.8959404001462,2468.8395708516673
2022-09-16 08:00:00,195.83073618981385,813.7600609514025,899.9846057376466,1080.6453038416455
2022-09-16 09:00:00,194.37454723633152,818.8344363167057,907.7763136337186,1100.627001308657
2022-09-16 10:00:00,146.59599527064032,656.5389662613085,782.0006895275923,1116.02326175474
2022-09-16 11:00:00,156.75043233599854,671.7861908916595,744.6334132635839,982.4551297644889
2022-09-16 12:00:00,116.84695130866983,388.45065626739716,400.478466234523,415.33482950692195
2022-09-16 13:00:00,131.5236628508766,381.3761957761309,392.8960958310467,453.0509706476579
2022-09-16 14:00:00,127.94430354000352,327.6873415574611,330.89060933931745,340.51138337821504
2022-09-16 15:00:00,62.0027120998827,174.16822462215723,239.11636077695513,423.0647362197894
2022-09-16 16:00:00,98.82381333244687,211.53465945301338,259.13569511892473,435.5784083624756
2022-09-16 17:00:00,105.58027614016498,507.24506267371316,612.0534222446147,747.6811678517972
2022-09-16 18:00:00,72.44285248033422,290.3282534835118,322.11681489850815,403.6878963452414
2022-09-16 19:00:00,108.37753260083261,421.6195528008546,477.28643095689597,657.1995624018067
2022-09-16 20:00:00,81.55909824891548,120.2718891909731,150.612083713411,263.87828165582977
2022-09-16 21:00:00,81.79905008136498,130.1531759915726,167.9207162960866,373.0948087001499
2022-09-16 22:00:00,131.2619083304923,312.54855650529873,368.815331319295,593.2799138513853
2022-09-16 23:00:00,109.62034572144351,230.16040744686293,282.5077741789486,550.5875746625915
2022-09-17 00:00:00,167.0228151320953,505.8369315262592,659.4369274346542,822.6567195937123
2022-09-17 01:00:00,119.10919033324154,359.61963613835985,432.7572403698482,611.4465924795088
2022-09-17 02:00:00,165.01357181440397,718.9026077998319,767.9852700333822,910.3498896866945
2022-09-17 03:00:00,175.18131712461167,661.5960812451806,705.3236444676139,827.9013060892585
2022-09-17 04:00:00,224.77449750328793,678.4044267192788,747.9811393463834,952.507640303133
2022-09-17 05:00:00,221.49315956079812,660.9946465140558,684.4957206144626,799.2562726310051
2022-09-17 06:00:00,245.06511717350244,790.1132929526849,1289.2975403746805,2446.0423118275976
2022-09-17 07:00:00,190.3432076244497,437.64733239226115,495.18669399639685,665.657027974379
2022-09-17 08:00:00,267.5974944265802,537.8753898488642,571.5336532607772,742.1579144125611
2022-09-17 09:00:00,360.962104135343,942.0666494983097,1000.686599757951,1317.1265958633187
2022-09-17 10:00:00,147.3028452050401,500.6004641367633,592.0180588680852,789.9677401811429
2022-09-17 11:00:00,196.31930036866893,672.3499003733941,799.685304297285,1039.561479767136
2022-09-17 12:00:00,241.21306608287745,880.4740191826706,954.3424311867585,1159.1467116060142
2022-09-17 13:00:00,134.3718935857023,682.8422350444365,897.9433938090297,1239.8608056630706
2022-09-17 14:00:00,350.5802929787103,1127.9586425070886,1246.1056050368782,1319.9786080438355
2022-09-17 15:00:00,284.4518045123603,661.9827968010763,711.2078953172556,857.1925273864034
2022-09-17 16:00:00,267.9236074479547,655.1452610374116,808.7350471600379,1171.729985939818
2022-09-17 17:00:00,285.81736132947276,861.8502139651666,1080.1408943262556,1267.6680989636693
2022-09-17 18:00:00,286.19286344755835,865.346912534995,1048.1840665304298,1238.2339827288918
2022-09-17 19:00:00,291.0739377000187,608.1747091736612,713.1502999497714,1026.9145670895498
2022-09-17 20:00:00,,,,
2022-09-17 21:00:00,213.87434972267994,573.2520761316885,607.0524083826426,752.1078077814376
2022-09-17 22:00:00,248.4608709607679,618.995178064,683.3939140579439,927.3850703035226
2022-09-17 23:00:00,281.590970071062,877.9732878556094,1173.7566463117087,1451.5577885817193
2022-09-18 00:00:00,249.10658036314868,843.5643295284342,1000.7471124860505,1122.2274433428313
2022-09-18 03:00:00,231.1623432652707,697.4572349611107,761.9693055390769,979.3779897825972
2022-09-18 06:00:00,208.33237532317676,689.9579098536345,760.8661100590206,954.9565936333036
2022-09-18 09:00:00,269.2779242288372,475.619730361877,492.0708346471811,614.4994498022662
2022-09-18 12:00:00,329.7543007505388,808.7863066050323,989.565234105265,1442.6724758316825
2022-09-18 15:00:00,157.63021812662012,397.78403449032766,638.6499877498094,1206.3975797066635
2022-09-18 18:00:00,98.89369757818977,332.4995723059567,433.6504882414947,637.0678595014048
2022-09-18 21:00:00,138.13524302544684,221.74141201040348,295.3690213586701,496.347917874244
2022-09-19 00:00:00,127.48476500049742,284.07934522482884,367.020463145883,666.2958129579425
2022-09-19 01:00:00,149.66079574448005,301.51895997044295,317.41288958186055,433.0034105878033
2022-09-20 00:00:00,100.51975686448408,181.16578359323304,219.15130177340302,335.18217673575674
2022-09-20 01:00:00,130.49381590672488,262.1521477302454,278.47784546579254,397.1933488655415
2022-09-20 02:00:00,120.76025283086385,239.1932369726349,295.09447009144105,514.3419250945071
2022-09-20 03:00:00,122.43579893897191,346.9647799020512,604.2230773697166,998.3616256891529
2022-09-22 00:00:00,679.7160935397942,2276.6973965186767,2797.1613139877186,3293.5870644308916
2022-09-22 03:00:00,586.6033896665315,1900.564742888547,2182.198861058619,2558.982843350698
2022-09-22 06:00:00,420.03284337011826,1283.8976547235181,1710.7346036290523,2365.652023863365
2022-09-22 09:00:00,328.7118340407797,962.9846277415618,1398.7117115677715,2048.761073268973
2022-09-22 12:00:00,739.2136121712539,1781.8642015367843,2161.2516787407853,2958.889747297925
2022-09-22 15:00:00,774.0284565722641,2136.4888788613284,2540.682844394527,3471.178725418498
2022-09-22 18:00:00,632.0531983123961,2319.5971467663953,2936.8643682644256,3492.791810090427
2022-09-22 21:00:00,423.1410766076973,1213.1029315049614,1621.3545707818346,2261.4660983945105
2022-09-23 00:00:00,201.1283883511847,1032.0772189538409,1432.859062414549,1927.5715677863898
2022-09-24 00:00:00,542.2547323521999,2158.7348560527453,2390.5969798899623,2707.9614481398235
2022-09-24 01:00:00,585.6495224353839,2144.4440381178006,2362.8571529983524,2734.989700142267
2022-09-24 02:00:00,517.4374404367919,1461.9870638507575,2046.5668685676476,2891.516959444106
2022-09-24 03:00:00,471.34220233990146,1219.3407969083598,1336.7616095534643,1799.1646634270087
2022-09-24 04:00:00,434.47260319209624,1399.7896885042442,1733.410982616003,2433.1915986552467
2022-09-24 05:00:00,713.2367254841544,1969.0148995883003,2388.338134989935,2774.7867267451343
2022-09-24 06:00:00,624.8797989758796,1648.5095858113268,2019.5264422380853,2381.746954026435
2022-09-24 07:00:00,635.8678520561733,1157.7139489506533,1259.9844480969393,1595.0958659381536
2022-09-24 08:00:00,320.81078819235034,1084.397358075477,1243.0781989809063,1518.0606072955925
2022-09-24 09:00:00,425.2839974714582,1396.9723710893184,1552.5057325600214,1954.8751734909608
2022-09-24 10:00:00,509.5339248871627,1294.853630178502,1494.136879227737,2049.5467813157093
2022-09-24 11:00:00,661.7520432613388,1293.7427277996148,1652.3754579374813,3003.99959416901
2022-09-24 12:00:00,347.5580120549114,2061.109622368175,3310.0270427920195,4938.702862223795
2022-09-24 13:00:00,463.6830971444658,1840.2547147806608,2900.3984513588457,4923.140747405366
2022-09-24 14:00:00,265.9023009231019,1214.1319999381665,1579.0122993843897,2123.272541143825
2022-09-24 15:00:00,342.49282201501416,1065.6806113963326,1180.0881381481895,1239.4400669480199
2022-09-24 16:00:00,353.6953510912414,1449.7791464730826,2046.4983815719847,3587.528574074551
2022-09-24 17:00:00,338.2436769585897,997.3922383422849,1052.9559603073221,1209.84543584544
2022-09-24 18:00:00,251.18903657074054,1019.9322781441946,1126.371413946277,1306.234901661493
2022-09-24 19:00:00,260.40239482922163,1056.7608369424333,1212.9526253731322,1453.8149991517155
2022-09-24 20:00:00,286.7429586559742,1032.0735252240013,1271.1966574361472,1491.2799050723327
2022-09-24 21:00:00,277.20024280911355,885.310089773374,1173.8347270844024,1744.6844666668142
2022-09-24 22:00:00,379.6613296602678,1096.8386619500657,1201.2630982340195,1312.1319887136005
2022-09-24 23:00:00,336.9090632006145,998.4536253432823,1086.625026789395,1170.55621535457
2022-09-25 00:00:00,234.00412778518938,820.618169605714,976.6565255333215,1194.2716424900618
2022-09-25 01:00:00,259.09672592524913,733.5835331135158,824.0121522579078,1146.7804918165923
2022-09-25 02:00:00,220.69546203342128,858.0899504442873,972.2049478496959,1155.381288962452
2022-09-25 03:00:00,160.46566338979784,566.196523791742,1131.2859638135203,2437.740481626433
2022-09-25 04:00:00,254.42041672111958,653.8583498816664,778.3160561836546,1057.252846555984
2022-09-25 05:00:00,117.25637011627612,378.3076744895042,464.9105229683042,665.5432890048471
2022-09-25 06:00:00,250.61815586383818,863.1963875431682,1094.7091010673505,1528.441207122379
2022-09-25 07:00:00,264.09923485189074,764.6182955139143,778.5981565099004,822.075378526659
2022-09-25 08:00:00,312.00620280502284,696.773460653339,707.2549818369159,764.6904193153712
2022-09-25 09:00:00,312.69430354635,703.3057689245726,710.3732591083691,782.595467694037
2022-09-25 10:00:00,356.3906001538628,703.2958398491216,855.7569659476583,1231.5628641530548
2022-09-25 11:00:00,266.0476081402042,744.3842686078904,888.1155575942556,1268.9952158025221
2022-09-25 12:00:00,264.9540117269222,759.6253497819973,918.0167234299107,1313.1549724142617
2022-09-25 13:00:00,335.94465650224015,715.7234304410342,888.4132767606358,1239.4286319115329
2022-09-25 14:00:00,180.70918972014312,518.5894118097268,636.0601414662736,886.6768094223135
2022-09-25 15:00:00,259.2638581772183,582.1231272227634,589.696267928491,641.6074402554108
2022-09-25 16:00:00,203.50258675910797,415.6349878782083,441.8693067730539,539.6602506310143
2022-09-25 17:00:00,216.28759454954536,609.5827878090334,653.1525550151414,841.2834619416327
2022-09-25 18:00:00,264.3290818415019,661.1321555981781,704.1089888667834,901.9588232658351
2022-09-25 19:00:00,218.5850506996005,763.1209371080565,856.2950390730841,1274.9523406729115
2022-09-25 20:00:00,155.04836434327592,542.6655143777248,848.0728327873044,1891.9766851952272
2022-09-25 21:00:00,208.1038686869539,512.7289827933873,802.9169368485291,1587.3125336598873
2022-09-25 22:00:00,182.68979660900285,513.2732079899105,823.616852752905,1562.4392038945084
2022-09-25 23:00:00,202.77751000987192,651.7065152102152,866.8795960228576,1488.6911901789083
2022-09-26 00:00:00,334.09594754224935,1704.3606790292035,3076.0213738543985,5551.834936393835
2022-09-26 01:00:00,239.98381171348308,562.1561810325766,654.5923809299078,903.6589406569741
2022-09-27 00:00:00,25.345728083503865,444.26648238006936,899.886185235899,1695.402268452894
2022-09-27 03:00:00,66.98316990049423,1011.4956338460149,1696.2887949224548,3084.980288211629
2022-09-29 00:00:00,95.3064674797769,1179.010032841677,1685.4321344291084,2477.3363565993554
2022-09-30 00:00:00,285.2369344151373,1644.189954016942,2669.3704772151623,3414.510358432477
